[{"pk": 1, "model": "account.mygraph", "fields": {"profile": 2, "url": "http://10.18.1.3/render/?width=586&height=308&_salt=1398433347.875&from=-24minutes&target=alpha(alias(stacked(servers.graphite.proc.ctxt)%2C%22ctx%20switches%22)%2C0.4)&target=aliasByNode(secondYAxis(scale(servers.graphite.network.eth0.rx_byte%2C-1))%2C4)&target=aliasByNode(secondYAxis(servers.graphite.network.eth0.tx_byte)%2C4)&target=alias(color(dashed(lineWidth(drawAsInfinite(events('container_start'))%2C2))%2C%22green%22)%2C%22CONTAINER%20START%22)", "name": "graphite_stats"}}, {"pk": 2, "model": "account.mygraph", "fields": {"profile": 2, "url": "http://10.18.1.3/render/?width=586&height=308&_salt=1398423269.5&from=-24minutes&hideLegend=false&target=alias(color(dashed(lineWidth(drawAsInfinite(events('job*'%2C%20'start'))%2C2))%2C%22green%22)%2C%22START%22)&target=alias(color(dashed(lineWidth(drawAsInfinite(events('job*'%2C%20'end'))%2C2))%2C%22red%22)%2C%22END%22)&target=alias(scale(servers.compute*.network.eth0.rx_byte%2C-1)%2C%22%22)&target=alias(servers.compute*.network.eth0.tx_byte%2C%22%22)&target=aliasByNode(secondYAxis(stacked(servers.docker.cpu.total.%7Buser%2Csystem%2Ciowait%7D))%2C4)", "name": "cluster_net_job"}}, {"pk": 3, "model": "account.mygraph", "fields": {"profile": 2, "url": "http://10.18.1.3/render/?width=586&height=308&_salt=1398433223.759&from=-24minutes&target=aliasByNode(movingAverage(carbon.agents.*-c0.%7BmetricsReceived%2CcommittedPoints%7D%2C5)%2C2%2C3)&target=aliasByNode(dashed(lineWidth(secondYAxis(servers.docker.iostat.sd%7Ba%2Cb%2Cc%7D.util_percentage)%2C2))%2C3)", "name": "carbon_io"}}, {"pk": 4, "model": "account.mygraph", "fields": {"profile": 2, "url": "http://10.18.1.3/render/?width=983&height=534&_salt=1398432915.734&from=-24minutes&target=alpha(alias(stacked(servers.elk.proc.ctxt)%2C%22ctx%20switches%22)%2C0.4)&target=aliasByNode(secondYAxis(scale(servers.elk.network.eth0.rx_byte%2C-1))%2C4)&target=aliasByNode(secondYAxis(servers.elk.network.eth0.tx_byte)%2C4)", "name": "elk_stats"}}, {"pk": 5, "model": "account.mygraph", "fields": {"profile": 2, "url": "http://10.18.1.3/render/?width=983&height=534&_salt=1398432957.654&from=-24minutes&target=alpha(alias(stacked(servers.slurm.proc.ctxt)%2C%22ctx%20switches%22)%2C0.4)&target=aliasByNode(secondYAxis(scale(servers.slurm.network.eth0.rx_byte%2C-1))%2C4)&target=aliasByNode(secondYAxis(servers.slurm.network.eth0.tx_byte)%2C4)", "name": "slurm_stats"}}, {"pk": 6, "model": "account.mygraph", "fields": {"profile": 2, "url": "http://10.18.1.3/render/?width=983&height=534&_salt=1398433043.126&from=-24minutes&target=alpha(alias(stacked(servers.dns.proc.ctxt)%2C%22ctx%20switches%22)%2C0.4)&target=aliasByNode(secondYAxis(scale(servers.dns.network.eth0.rx_byte%2C-1))%2C4)&target=aliasByNode(secondYAxis(servers.dns.network.eth0.tx_byte)%2C4)", "name": "dns_stats"}}, {"pk": "cluster", "model": "dashboard.dashboard", "fields": {"state": "{\"name\": \"cluster\", \"defaultGraphParams\": {\"width\": \"1024\", \"from\": \"-7minutes\", \"until\": \"now\", \"height\": \"225\"}, \"refreshConfig\": {\"interval\": 60000, \"enabled\": false}, \"graphs\": [[\"target=alias(color(dashed(lineWidth(drawAsInfinite(events('job*'%2C%20'start'))%2C2))%2C%22green%22)%2C%22START%22)&target=alias(color(dashed(lineWidth(drawAsInfinite(events('job*'%2C%20'end'))%2C2))%2C%22red%22)%2C%22END%22)&target=alias(scale(servers.compute*.network.eth0.rx_byte%2C-1)%2C%22%22)&target=alias(servers.compute*.network.eth0.tx_byte%2C%22%22)&target=aliasByNode(secondYAxis(stacked(servers.docker.cpu.total.%7Buser%2Csystem%2Ciowait%7D))%2C4)\", {\"from\": \"-24minutes\", \"target\": [\"alias(color(dashed(lineWidth(drawAsInfinite(events('job*', 'start')),2)),\\\"green\\\"),\\\"START\\\")\", \"alias(color(dashed(lineWidth(drawAsInfinite(events('job*', 'end')),2)),\\\"red\\\"),\\\"END\\\")\", \"alias(scale(servers.compute*.network.eth0.rx_byte,-1),\\\"\\\")\", \"alias(servers.compute*.network.eth0.tx_byte,\\\"\\\")\", \"aliasByNode(secondYAxis(stacked(servers.docker.cpu.total.{user,system,iowait})),4)\"], \"hideLegend\": \"false\", \"height\": \"308\", \"width\": \"586\", \"_salt\": \"1398423269.5\"}, \"/render?width=1024&from=-24minutes&until=now&height=225&_salt=1398423269.5&hideLegend=false&target=alias(color(dashed(lineWidth(drawAsInfinite(events('job*'%2C%20'start'))%2C2))%2C%22green%22)%2C%22START%22)&target=alias(color(dashed(lineWidth(drawAsInfinite(events('job*'%2C%20'end'))%2C2))%2C%22red%22)%2C%22END%22)&target=alias(scale(servers.compute*.network.eth0.rx_byte%2C-1)%2C%22%22)&target=alias(servers.compute*.network.eth0.tx_byte%2C%22%22)&target=aliasByNode(secondYAxis(stacked(servers.docker.cpu.total.%7Buser%2Csystem%2Ciowait%7D))%2C4)&_uniq=0.12435772311406545\"], [\"target=aliasByNode(movingAverage(carbon.agents.*-c0.%7BmetricsReceived%2CcommittedPoints%7D%2C5)%2C2%2C3)&target=aliasByNode(dashed(lineWidth(secondYAxis(servers.docker.iostat.sd%7Ba%2Cb%2Cc%7D.util_percentage)%2C2))%2C3)\", {\"width\": \"586\", \"from\": \"-24minutes\", \"target\": [\"aliasByNode(movingAverage(carbon.agents.*-c0.{metricsReceived,committedPoints},5),2,3)\", \"aliasByNode(dashed(lineWidth(secondYAxis(servers.docker.iostat.sd{a,b,c}.util_percentage),2)),3)\"], \"_salt\": \"1398433223.759\", \"height\": \"308\"}, \"/render?width=1024&from=-24minutes&until=now&height=225&_salt=1398433223.759&target=aliasByNode(movingAverage(carbon.agents.*-c0.%7BmetricsReceived%2CcommittedPoints%7D%2C5)%2C2%2C3)&target=aliasByNode(dashed(lineWidth(secondYAxis(servers.docker.iostat.sd%7Ba%2Cb%2Cc%7D.util_percentage)%2C2))%2C3)&_uniq=0.8291149898933486\"]], \"timeConfig\": {\"startDate\": \"2014-04-03T15:36:29\", \"endTime\": \"5:00 PM\", \"endDate\": \"2014-04-03T15:36:29\", \"relativeStartQuantity\": \"7\", \"relativeUntilQuantity\": \"\", \"startTime\": \"9:00 AM\", \"relativeStartUnits\": \"minutes\", \"type\": \"relative\", \"relativeUntilUnits\": \"now\"}, \"graphSize\": {\"width\": \"1024\", \"height\": \"225\"}}", "owners": []}}, {"pk": "4qco16kgw2xmc9kzcuu59hyihuhjramw", "model": "sessions.session", "fields": {"expire_date": "2014-05-09T12:51:57.097", "session_data": "ZWNmZmMwY2UwNTljYTJhMTQxYTdjODNmMmZhNTM4YzMyZjEwN2IwMzqAAn1xAS4="}}, {"pk": "83w0t51mhioptn9s1xb9vcqecg79azdy", "model": "sessions.session", "fields": {"expire_date": "2014-04-16T21:53:24.637", "session_data": "ZWNmZmMwY2UwNTljYTJhMTQxYTdjODNmMmZhNTM4YzMyZjEwN2IwMzqAAn1xAS4="}}, {"pk": "8ez7fln263ud7zmv072veykh2hbkc8an", "model": "sessions.session", "fields": {"expire_date": "2014-05-09T12:52:00.975", "session_data": "Y2RlYjNmZmMwYmM4MjQxMDk1NzEwOTViN2NmZTZlZTMxOTBhMGE2YzqAAn1xAShVEl9hdXRoX3VzZXJfYmFja2VuZHECVSlkamFuZ28uY29udHJpYi5hdXRoLmJhY2tlbmRzLk1vZGVsQmFja2VuZHEDVQ1fYXV0aF91c2VyX2lkcQRLAXUu"}}, {"pk": "clvkgvmcomd5hq7eqj3ncfmjxrf2uvvk", "model": "sessions.session", "fields": {"expire_date": "2014-04-16T21:58:07.484", "session_data": "Y2RlYjNmZmMwYmM4MjQxMDk1NzEwOTViN2NmZTZlZTMxOTBhMGE2YzqAAn1xAShVEl9hdXRoX3VzZXJfYmFja2VuZHECVSlkamFuZ28uY29udHJpYi5hdXRoLmJhY2tlbmRzLk1vZGVsQmFja2VuZHEDVQ1fYXV0aF91c2VyX2lkcQRLAXUu"}}, {"pk": "ehvkk2hmp212xo1sla72mj66e8dnpyxx", "model": "sessions.session", "fields": {"expire_date": "2014-04-17T11:54:36.468", "session_data": "Y2RlYjNmZmMwYmM4MjQxMDk1NzEwOTViN2NmZTZlZTMxOTBhMGE2YzqAAn1xAShVEl9hdXRoX3VzZXJfYmFja2VuZHECVSlkamFuZ28uY29udHJpYi5hdXRoLmJhY2tlbmRzLk1vZGVsQmFja2VuZHEDVQ1fYXV0aF91c2VyX2lkcQRLAXUu"}}, {"pk": "r2yg77e6qmz5554ccv9n8v55ze3zf21j", "model": "sessions.session", "fields": {"expire_date": "2014-04-17T11:54:29.958", "session_data": "ZWNmZmMwY2UwNTljYTJhMTQxYTdjODNmMmZhNTM4YzMyZjEwN2IwMzqAAn1xAS4="}}, {"pk": 1, "model": "contenttypes.contenttype", "fields": {"model": "profile", "name": "profile", "app_label": "account"}}, {"pk": 2, "model": "contenttypes.contenttype", "fields": {"model": "variable", "name": "variable", "app_label": "account"}}, {"pk": 3, "model": "contenttypes.contenttype", "fields": {"model": "view", "name": "view", "app_label": "account"}}, {"pk": 4, "model": "contenttypes.contenttype", "fields": {"model": "window", "name": "window", "app_label": "account"}}, {"pk": 5, "model": "contenttypes.contenttype", "fields": {"model": "mygraph", "name": "my graph", "app_label": "account"}}, {"pk": 6, "model": "contenttypes.contenttype", "fields": {"model": "dashboard", "name": "dashboard", "app_label": "dashboard"}}, {"pk": 7, "model": "contenttypes.contenttype", "fields": {"model": "template", "name": "template", "app_label": "dashboard"}}, {"pk": 8, "model": "contenttypes.contenttype", "fields": {"model": "event", "name": "event", "app_label": "events"}}, {"pk": 9, "model": "contenttypes.contenttype", "fields": {"model": "permission", "name": "permission", "app_label": "auth"}}, {"pk": 10, "model": "contenttypes.contenttype", "fields": {"model": "group", "name": "group", "app_label": "auth"}}, {"pk": 11, "model": "contenttypes.contenttype", "fields": {"model": "user", "name": "user", "app_label": "auth"}}, {"pk": 12, "model": "contenttypes.contenttype", "fields": {"model": "session", "name": "session", "app_label": "sessions"}}, {"pk": 13, "model": "contenttypes.contenttype", "fields": {"model": "logentry", "name": "log entry", "app_label": "admin"}}, {"pk": 14, "model": "contenttypes.contenttype", "fields": {"model": "contenttype", "name": "content type", "app_label": "contenttypes"}}, {"pk": 15, "model": "contenttypes.contenttype", "fields": {"model": "tag", "name": "tag", "app_label": "tagging"}}, {"pk": 16, "model": "contenttypes.contenttype", "fields": {"model": "taggeditem", "name": "tagged item", "app_label": "tagging"}}, {"pk": 1, "model": "tagging.tag", "fields": {"name": "compute1"}}, {"pk": 2, "model": "tagging.tag", "fields": {"name": "container_start"}}, {"pk": 3, "model": "tagging.tag", "fields": {"name": "compute2"}}, {"pk": 4, "model": "tagging.tag", "fields": {"name": "compute3"}}, {"pk": 5, "model": "tagging.tag", "fields": {"name": "job2"}}, {"pk": 6, "model": "tagging.tag", "fields": {"name": "prolog"}}, {"pk": 7, "model": "tagging.tag", "fields": {"name": "epilog"}}, {"pk": 8, "model": "tagging.tag", "fields": {"name": "job3"}}, {"pk": 9, "model": "tagging.tag", "fields": {"name": "k16384"}}, {"pk": 10, "model": "tagging.tag", "fields": {"name": "start"}}, {"pk": 11, "model": "tagging.tag", "fields": {"name": "end"}}, {"pk": 12, "model": "tagging.tag", "fields": {"name": "compute4"}}, {"pk": 13, "model": "tagging.tag", "fields": {"name": "compute5"}}, {"pk": 14, "model": "tagging.tag", "fields": {"name": "compute6"}}, {"pk": 15, "model": "tagging.tag", "fields": {"name": "compute7"}}, {"pk": 16, "model": "tagging.tag", "fields": {"name": "compute8"}}, {"pk": 17, "model": "tagging.tag", "fields": {"name": "compute9"}}, {"pk": 18, "model": "tagging.tag", "fields": {"name": "compute10"}}, {"pk": 19, "model": "tagging.tag", "fields": {"name": "compute11"}}, {"pk": 20, "model": "tagging.tag", "fields": {"name": "compute12"}}, {"pk": 21, "model": "tagging.tag", "fields": {"name": "compute13"}}, {"pk": 22, "model": "tagging.tag", "fields": {"name": "compute14"}}, {"pk": 23, "model": "tagging.tag", "fields": {"name": "compute15"}}, {"pk": 24, "model": "tagging.tag", "fields": {"name": "k65536"}}, {"pk": 25, "model": "tagging.tag", "fields": {"name": "compute16"}}, {"pk": 26, "model": "tagging.tag", "fields": {"name": "compute17"}}, {"pk": 27, "model": "tagging.tag", "fields": {"name": "compute18"}}, {"pk": 28, "model": "tagging.tag", "fields": {"name": "compute19"}}, {"pk": 29, "model": "tagging.tag", "fields": {"name": "compute20"}}, {"pk": 30, "model": "tagging.tag", "fields": {"name": "compute21"}}, {"pk": 31, "model": "tagging.tag", "fields": {"name": "compute22"}}, {"pk": 32, "model": "tagging.tag", "fields": {"name": "compute23"}}, {"pk": 33, "model": "tagging.tag", "fields": {"name": "compute24"}}, {"pk": 34, "model": "tagging.tag", "fields": {"name": "compute25"}}, {"pk": 35, "model": "tagging.tag", "fields": {"name": "compute26"}}, {"pk": 36, "model": "tagging.tag", "fields": {"name": "compute27"}}, {"pk": 37, "model": "tagging.tag", "fields": {"name": "compute28"}}, {"pk": 38, "model": "tagging.tag", "fields": {"name": "compute29"}}, {"pk": 39, "model": "tagging.tag", "fields": {"name": "compute30"}}, {"pk": 40, "model": "tagging.tag", "fields": {"name": "compute31"}}, {"pk": 3, "model": "tagging.taggeditem", "fields": {"tag": 3, "object_id": 2, "content_type": 8}}, {"pk": 4, "model": "tagging.taggeditem", "fields": {"tag": 2, "object_id": 2, "content_type": 8}}, {"pk": 5, "model": "tagging.taggeditem", "fields": {"tag": 4, "object_id": 3, "content_type": 8}}, {"pk": 6, "model": "tagging.taggeditem", "fields": {"tag": 2, "object_id": 3, "content_type": 8}}, {"pk": 7, "model": "tagging.taggeditem", "fields": {"tag": 5, "object_id": 4, "content_type": 8}}, {"pk": 8, "model": "tagging.taggeditem", "fields": {"tag": 6, "object_id": 4, "content_type": 8}}, {"pk": 9, "model": "tagging.taggeditem", "fields": {"tag": 7, "object_id": 5, "content_type": 8}}, {"pk": 10, "model": "tagging.taggeditem", "fields": {"tag": 5, "object_id": 5, "content_type": 8}}, {"pk": 11, "model": "tagging.taggeditem", "fields": {"tag": 8, "object_id": 6, "content_type": 8}}, {"pk": 12, "model": "tagging.taggeditem", "fields": {"tag": 6, "object_id": 6, "content_type": 8}}, {"pk": 13, "model": "tagging.taggeditem", "fields": {"tag": 8, "object_id": 7, "content_type": 8}}, {"pk": 14, "model": "tagging.taggeditem", "fields": {"tag": 9, "object_id": 7, "content_type": 8}}, {"pk": 15, "model": "tagging.taggeditem", "fields": {"tag": 10, "object_id": 7, "content_type": 8}}, {"pk": 16, "model": "tagging.taggeditem", "fields": {"tag": 11, "object_id": 8, "content_type": 8}}, {"pk": 17, "model": "tagging.taggeditem", "fields": {"tag": 8, "object_id": 8, "content_type": 8}}, {"pk": 18, "model": "tagging.taggeditem", "fields": {"tag": 9, "object_id": 8, "content_type": 8}}, {"pk": 19, "model": "tagging.taggeditem", "fields": {"tag": 7, "object_id": 9, "content_type": 8}}, {"pk": 20, "model": "tagging.taggeditem", "fields": {"tag": 8, "object_id": 9, "content_type": 8}}, {"pk": 21, "model": "tagging.taggeditem", "fields": {"tag": 12, "object_id": 10, "content_type": 8}}, {"pk": 22, "model": "tagging.taggeditem", "fields": {"tag": 2, "object_id": 10, "content_type": 8}}, {"pk": 23, "model": "tagging.taggeditem", "fields": {"tag": 13, "object_id": 11, "content_type": 8}}, {"pk": 24, "model": "tagging.taggeditem", "fields": {"tag": 2, "object_id": 11, "content_type": 8}}, {"pk": 25, "model": "tagging.taggeditem", "fields": {"tag": 14, "object_id": 12, "content_type": 8}}, {"pk": 26, "model": "tagging.taggeditem", "fields": {"tag": 2, "object_id": 12, "content_type": 8}}, {"pk": 27, "model": "tagging.taggeditem", "fields": {"tag": 15, "object_id": 13, "content_type": 8}}, {"pk": 28, "model": "tagging.taggeditem", "fields": {"tag": 2, "object_id": 13, "content_type": 8}}, {"pk": 29, "model": "tagging.taggeditem", "fields": {"tag": 16, "object_id": 14, "content_type": 8}}, {"pk": 30, "model": "tagging.taggeditem", "fields": {"tag": 2, "object_id": 14, "content_type": 8}}, {"pk": 31, "model": "tagging.taggeditem", "fields": {"tag": 17, "object_id": 15, "content_type": 8}}, {"pk": 32, "model": "tagging.taggeditem", "fields": {"tag": 2, "object_id": 15, "content_type": 8}}, {"pk": 33, "model": "tagging.taggeditem", "fields": {"tag": 18, "object_id": 16, "content_type": 8}}, {"pk": 34, "model": "tagging.taggeditem", "fields": {"tag": 2, "object_id": 16, "content_type": 8}}, {"pk": 35, "model": "tagging.taggeditem", "fields": {"tag": 19, "object_id": 17, "content_type": 8}}, {"pk": 36, "model": "tagging.taggeditem", "fields": {"tag": 2, "object_id": 17, "content_type": 8}}, {"pk": 37, "model": "tagging.taggeditem", "fields": {"tag": 20, "object_id": 18, "content_type": 8}}, {"pk": 38, "model": "tagging.taggeditem", "fields": {"tag": 2, "object_id": 18, "content_type": 8}}, {"pk": 39, "model": "tagging.taggeditem", "fields": {"tag": 21, "object_id": 19, "content_type": 8}}, {"pk": 40, "model": "tagging.taggeditem", "fields": {"tag": 2, "object_id": 19, "content_type": 8}}, {"pk": 41, "model": "tagging.taggeditem", "fields": {"tag": 22, "object_id": 20, "content_type": 8}}, {"pk": 42, "model": "tagging.taggeditem", "fields": {"tag": 2, "object_id": 20, "content_type": 8}}, {"pk": 43, "model": "tagging.taggeditem", "fields": {"tag": 23, "object_id": 21, "content_type": 8}}, {"pk": 44, "model": "tagging.taggeditem", "fields": {"tag": 2, "object_id": 21, "content_type": 8}}, {"pk": 45, "model": "tagging.taggeditem", "fields": {"tag": 5, "object_id": 22, "content_type": 8}}, {"pk": 46, "model": "tagging.taggeditem", "fields": {"tag": 6, "object_id": 22, "content_type": 8}}, {"pk": 47, "model": "tagging.taggeditem", "fields": {"tag": 5, "object_id": 23, "content_type": 8}}, {"pk": 48, "model": "tagging.taggeditem", "fields": {"tag": 24, "object_id": 23, "content_type": 8}}, {"pk": 49, "model": "tagging.taggeditem", "fields": {"tag": 10, "object_id": 23, "content_type": 8}}, {"pk": 50, "model": "tagging.taggeditem", "fields": {"tag": 11, "object_id": 24, "content_type": 8}}, {"pk": 51, "model": "tagging.taggeditem", "fields": {"tag": 5, "object_id": 24, "content_type": 8}}, {"pk": 52, "model": "tagging.taggeditem", "fields": {"tag": 24, "object_id": 24, "content_type": 8}}, {"pk": 53, "model": "tagging.taggeditem", "fields": {"tag": 7, "object_id": 25, "content_type": 8}}, {"pk": 54, "model": "tagging.taggeditem", "fields": {"tag": 5, "object_id": 25, "content_type": 8}}, {"pk": 55, "model": "tagging.taggeditem", "fields": {"tag": 8, "object_id": 26, "content_type": 8}}, {"pk": 56, "model": "tagging.taggeditem", "fields": {"tag": 6, "object_id": 26, "content_type": 8}}, {"pk": 57, "model": "tagging.taggeditem", "fields": {"tag": 8, "object_id": 27, "content_type": 8}}, {"pk": 58, "model": "tagging.taggeditem", "fields": {"tag": 24, "object_id": 27, "content_type": 8}}, {"pk": 59, "model": "tagging.taggeditem", "fields": {"tag": 10, "object_id": 27, "content_type": 8}}, {"pk": 60, "model": "tagging.taggeditem", "fields": {"tag": 25, "object_id": 28, "content_type": 8}}, {"pk": 61, "model": "tagging.taggeditem", "fields": {"tag": 2, "object_id": 28, "content_type": 8}}, {"pk": 62, "model": "tagging.taggeditem", "fields": {"tag": 25, "object_id": 29, "content_type": 8}}, {"pk": 63, "model": "tagging.taggeditem", "fields": {"tag": 2, "object_id": 29, "content_type": 8}}, {"pk": 64, "model": "tagging.taggeditem", "fields": {"tag": 26, "object_id": 30, "content_type": 8}}, {"pk": 65, "model": "tagging.taggeditem", "fields": {"tag": 2, "object_id": 30, "content_type": 8}}, {"pk": 66, "model": "tagging.taggeditem", "fields": {"tag": 27, "object_id": 31, "content_type": 8}}, {"pk": 67, "model": "tagging.taggeditem", "fields": {"tag": 2, "object_id": 31, "content_type": 8}}, {"pk": 68, "model": "tagging.taggeditem", "fields": {"tag": 28, "object_id": 32, "content_type": 8}}, {"pk": 69, "model": "tagging.taggeditem", "fields": {"tag": 2, "object_id": 32, "content_type": 8}}, {"pk": 70, "model": "tagging.taggeditem", "fields": {"tag": 29, "object_id": 33, "content_type": 8}}, {"pk": 71, "model": "tagging.taggeditem", "fields": {"tag": 2, "object_id": 33, "content_type": 8}}, {"pk": 72, "model": "tagging.taggeditem", "fields": {"tag": 30, "object_id": 34, "content_type": 8}}, {"pk": 73, "model": "tagging.taggeditem", "fields": {"tag": 2, "object_id": 34, "content_type": 8}}, {"pk": 74, "model": "tagging.taggeditem", "fields": {"tag": 31, "object_id": 35, "content_type": 8}}, {"pk": 75, "model": "tagging.taggeditem", "fields": {"tag": 2, "object_id": 35, "content_type": 8}}, {"pk": 76, "model": "tagging.taggeditem", "fields": {"tag": 32, "object_id": 36, "content_type": 8}}, {"pk": 77, "model": "tagging.taggeditem", "fields": {"tag": 2, "object_id": 36, "content_type": 8}}, {"pk": 78, "model": "tagging.taggeditem", "fields": {"tag": 33, "object_id": 37, "content_type": 8}}, {"pk": 79, "model": "tagging.taggeditem", "fields": {"tag": 2, "object_id": 37, "content_type": 8}}, {"pk": 80, "model": "tagging.taggeditem", "fields": {"tag": 34, "object_id": 38, "content_type": 8}}, {"pk": 81, "model": "tagging.taggeditem", "fields": {"tag": 2, "object_id": 38, "content_type": 8}}, {"pk": 82, "model": "tagging.taggeditem", "fields": {"tag": 35, "object_id": 39, "content_type": 8}}, {"pk": 83, "model": "tagging.taggeditem", "fields": {"tag": 2, "object_id": 39, "content_type": 8}}, {"pk": 84, "model": "tagging.taggeditem", "fields": {"tag": 36, "object_id": 40, "content_type": 8}}, {"pk": 85, "model": "tagging.taggeditem", "fields": {"tag": 2, "object_id": 40, "content_type": 8}}, {"pk": 86, "model": "tagging.taggeditem", "fields": {"tag": 37, "object_id": 41, "content_type": 8}}, {"pk": 87, "model": "tagging.taggeditem", "fields": {"tag": 2, "object_id": 41, "content_type": 8}}, {"pk": 88, "model": "tagging.taggeditem", "fields": {"tag": 38, "object_id": 42, "content_type": 8}}, {"pk": 89, "model": "tagging.taggeditem", "fields": {"tag": 2, "object_id": 42, "content_type": 8}}, {"pk": 90, "model": "tagging.taggeditem", "fields": {"tag": 39, "object_id": 43, "content_type": 8}}, {"pk": 91, "model": "tagging.taggeditem", "fields": {"tag": 2, "object_id": 43, "content_type": 8}}, {"pk": 92, "model": "tagging.taggeditem", "fields": {"tag": 40, "object_id": 44, "content_type": 8}}, {"pk": 93, "model": "tagging.taggeditem", "fields": {"tag": 2, "object_id": 44, "content_type": 8}}, {"pk": 1, "model": "auth.permission", "fields": {"codename": "add_profile", "name": "Can add profile", "content_type": 1}}, {"pk": 2, "model": "auth.permission", "fields": {"codename": "change_profile", "name": "Can change profile", "content_type": 1}}, {"pk": 3, "model": "auth.permission", "fields": {"codename": "delete_profile", "name": "Can delete profile", "content_type": 1}}, {"pk": 4, "model": "auth.permission", "fields": {"codename": "add_variable", "name": "Can add variable", "content_type": 2}}, {"pk": 5, "model": "auth.permission", "fields": {"codename": "change_variable", "name": "Can change variable", "content_type": 2}}, {"pk": 6, "model": "auth.permission", "fields": {"codename": "delete_variable", "name": "Can delete variable", "content_type": 2}}, {"pk": 7, "model": "auth.permission", "fields": {"codename": "add_view", "name": "Can add view", "content_type": 3}}, {"pk": 8, "model": "auth.permission", "fields": {"codename": "change_view", "name": "Can change view", "content_type": 3}}, {"pk": 9, "model": "auth.permission", "fields": {"codename": "delete_view", "name": "Can delete view", "content_type": 3}}, {"pk": 10, "model": "auth.permission", "fields": {"codename": "add_window", "name": "Can add window", "content_type": 4}}, {"pk": 11, "model": "auth.permission", "fields": {"codename": "change_window", "name": "Can change window", "content_type": 4}}, {"pk": 12, "model": "auth.permission", "fields": {"codename": "delete_window", "name": "Can delete window", "content_type": 4}}, {"pk": 13, "model": "auth.permission", "fields": {"codename": "add_mygraph", "name": "Can add my graph", "content_type": 5}}, {"pk": 14, "model": "auth.permission", "fields": {"codename": "change_mygraph", "name": "Can change my graph", "content_type": 5}}, {"pk": 15, "model": "auth.permission", "fields": {"codename": "delete_mygraph", "name": "Can delete my graph", "content_type": 5}}, {"pk": 16, "model": "auth.permission", "fields": {"codename": "add_dashboard", "name": "Can add dashboard", "content_type": 6}}, {"pk": 17, "model": "auth.permission", "fields": {"codename": "change_dashboard", "name": "Can change dashboard", "content_type": 6}}, {"pk": 18, "model": "auth.permission", "fields": {"codename": "delete_dashboard", "name": "Can delete dashboard", "content_type": 6}}, {"pk": 19, "model": "auth.permission", "fields": {"codename": "add_template", "name": "Can add template", "content_type": 7}}, {"pk": 20, "model": "auth.permission", "fields": {"codename": "change_template", "name": "Can change template", "content_type": 7}}, {"pk": 21, "model": "auth.permission", "fields": {"codename": "delete_template", "name": "Can delete template", "content_type": 7}}, {"pk": 22, "model": "auth.permission", "fields": {"codename": "add_event", "name": "Can add event", "content_type": 8}}, {"pk": 23, "model": "auth.permission", "fields": {"codename": "change_event", "name": "Can change event", "content_type": 8}}, {"pk": 24, "model": "auth.permission", "fields": {"codename": "delete_event", "name": "Can delete event", "content_type": 8}}, {"pk": 25, "model": "auth.permission", "fields": {"codename": "add_permission", "name": "Can add permission", "content_type": 9}}, {"pk": 26, "model": "auth.permission", "fields": {"codename": "change_permission", "name": "Can change permission", "content_type": 9}}, {"pk": 27, "model": "auth.permission", "fields": {"codename": "delete_permission", "name": "Can delete permission", "content_type": 9}}, {"pk": 28, "model": "auth.permission", "fields": {"codename": "add_group", "name": "Can add group", "content_type": 10}}, {"pk": 29, "model": "auth.permission", "fields": {"codename": "change_group", "name": "Can change group", "content_type": 10}}, {"pk": 30, "model": "auth.permission", "fields": {"codename": "delete_group", "name": "Can delete group", "content_type": 10}}, {"pk": 31, "model": "auth.permission", "fields": {"codename": "add_user", "name": "Can add user", "content_type": 11}}, {"pk": 32, "model": "auth.permission", "fields": {"codename": "change_user", "name": "Can change user", "content_type": 11}}, {"pk": 33, "model": "auth.permission", "fields": {"codename": "delete_user", "name": "Can delete user", "content_type": 11}}, {"pk": 34, "model": "auth.permission", "fields": {"codename": "add_session", "name": "Can add session", "content_type": 12}}, {"pk": 35, "model": "auth.permission", "fields": {"codename": "change_session", "name": "Can change session", "content_type": 12}}, {"pk": 36, "model": "auth.permission", "fields": {"codename": "delete_session", "name": "Can delete session", "content_type": 12}}, {"pk": 37, "model": "auth.permission", "fields": {"codename": "add_logentry", "name": "Can add log entry", "content_type": 13}}, {"pk": 38, "model": "auth.permission", "fields": {"codename": "change_logentry", "name": "Can change log entry", "content_type": 13}}, {"pk": 39, "model": "auth.permission", "fields": {"codename": "delete_logentry", "name": "Can delete log entry", "content_type": 13}}, {"pk": 40, "model": "auth.permission", "fields": {"codename": "add_contenttype", "name": "Can add content type", "content_type": 14}}, {"pk": 41, "model": "auth.permission", "fields": {"codename": "change_contenttype", "name": "Can change content type", "content_type": 14}}, {"pk": 42, "model": "auth.permission", "fields": {"codename": "delete_contenttype", "name": "Can delete content type", "content_type": 14}}, {"pk": 43, "model": "auth.permission", "fields": {"codename": "add_tag", "name": "Can add tag", "content_type": 15}}, {"pk": 44, "model": "auth.permission", "fields": {"codename": "change_tag", "name": "Can change tag", "content_type": 15}}, {"pk": 45, "model": "auth.permission", "fields": {"codename": "delete_tag", "name": "Can delete tag", "content_type": 15}}, {"pk": 46, "model": "auth.permission", "fields": {"codename": "add_taggeditem", "name": "Can add tagged item", "content_type": 16}}, {"pk": 47, "model": "auth.permission", "fields": {"codename": "change_taggeditem", "name": "Can change tagged item", "content_type": 16}}, {"pk": 48, "model": "auth.permission", "fields": {"codename": "delete_taggeditem", "name": "Can delete tagged item", "content_type": 16}}, {"pk": 1, "model": "auth.user", "fields": {"username": "admin", "first_name": "", "last_name": "", "is_active": true, "is_superuser": true, "is_staff": true, "last_login": "2014-04-25T12:52:00.967", "groups": [], "user_permissions": [], "password": "pbkdf2_sha256$10000$WjT2PmPsV1my$Q32gMKd5GhdnSMr/g8w15B2g9vTGULCYRvI3wdBfwNM=", "email": "root@example.com", "date_joined": "2011-09-20T17:02:14"}}, {"pk": 2, "model": "auth.user", "fields": {"username": "default", "first_name": "", "last_name": "", "is_active": true, "is_superuser": false, "is_staff": false, "last_login": "2014-04-02T21:53:24.594", "groups": [], "user_permissions": [], "password": "!", "email": "default@localhost.localdomain", "date_joined": "2014-04-02T21:53:24.595"}}, {"pk": 1, "model": "admin.logentry", "fields": {"action_flag": 3, "action_time": "2014-04-03T13:01:38.400", "object_repr": "2014-04-03 13:01:16.760000: Test", "object_id": "1", "change_message": "", "user": 1, "content_type": 8}}, {"pk": 2, "model": "admin.logentry", "fields": {"action_flag": 3, "action_time": "2014-04-25T14:27:46.832", "object_repr": "2014-04-03 14:22:39.530000: Container compute31 started.", "object_id": "44", "change_message": "", "user": 1, "content_type": 8}}, {"pk": 3, "model": "admin.logentry", "fields": {"action_flag": 3, "action_time": "2014-04-25T14:27:46.844", "object_repr": "2014-04-03 14:22:21.300000: Container compute30 started.", "object_id": "43", "change_message": "", "user": 1, "content_type": 8}}, {"pk": 4, "model": "admin.logentry", "fields": {"action_flag": 3, "action_time": "2014-04-25T14:27:46.853", "object_repr": "2014-04-03 14:22:03.390000: Container compute29 started.", "object_id": "42", "change_message": "", "user": 1, "content_type": 8}}, {"pk": 5, "model": "admin.logentry", "fields": {"action_flag": 3, "action_time": "2014-04-25T14:27:46.861", "object_repr": "2014-04-03 14:21:45.300000: Container compute28 started.", "object_id": "41", "change_message": "", "user": 1, "content_type": 8}}, {"pk": 6, "model": "admin.logentry", "fields": {"action_flag": 3, "action_time": "2014-04-25T14:27:46.869", "object_repr": "2014-04-03 14:21:27.210000: Container compute27 started.", "object_id": "40", "change_message": "", "user": 1, "content_type": 8}}, {"pk": 7, "model": "admin.logentry", "fields": {"action_flag": 3, "action_time": "2014-04-25T14:27:46.876", "object_repr": "2014-04-03 14:21:08.990000: Container compute26 started.", "object_id": "39", "change_message": "", "user": 1, "content_type": 8}}, {"pk": 8, "model": "admin.logentry", "fields": {"action_flag": 3, "action_time": "2014-04-25T14:27:46.882", "object_repr": "2014-04-03 14:20:51.080000: Container compute25 started.", "object_id": "38", "change_message": "", "user": 1, "content_type": 8}}, {"pk": 9, "model": "admin.logentry", "fields": {"action_flag": 3, "action_time": "2014-04-25T14:27:46.889", "object_repr": "2014-04-03 14:20:33.260000: Container compute24 started.", "object_id": "37", "change_message": "", "user": 1, "content_type": 8}}, {"pk": 10, "model": "admin.logentry", "fields": {"action_flag": 3, "action_time": "2014-04-25T14:27:46.896", "object_repr": "2014-04-03 14:20:15.380000: Container compute23 started.", "object_id": "36", "change_message": "", "user": 1, "content_type": 8}}, {"pk": 11, "model": "admin.logentry", "fields": {"action_flag": 3, "action_time": "2014-04-25T14:27:46.903", "object_repr": "2014-04-03 14:19:57.840000: Container compute22 started.", "object_id": "35", "change_message": "", "user": 1, "content_type": 8}}, {"pk": 12, "model": "admin.logentry", "fields": {"action_flag": 3, "action_time": "2014-04-25T14:27:46.910", "object_repr": "2014-04-03 14:19:40.030000: Container compute21 started.", "object_id": "34", "change_message": "", "user": 1, "content_type": 8}}, {"pk": 13, "model": "admin.logentry", "fields": {"action_flag": 3, "action_time": "2014-04-25T14:27:46.917", "object_repr": "2014-04-03 14:19:22.560000: Container compute20 started.", "object_id": "33", "change_message": "", "user": 1, "content_type": 8}}, {"pk": 14, "model": "admin.logentry", "fields": {"action_flag": 3, "action_time": "2014-04-25T14:27:46.924", "object_repr": "2014-04-03 14:19:05.080000: Container compute19 started.", "object_id": "32", "change_message": "", "user": 1, "content_type": 8}}, {"pk": 15, "model": "admin.logentry", "fields": {"action_flag": 3, "action_time": "2014-04-25T14:27:46.931", "object_repr": "2014-04-03 14:18:47.680000: Container compute18 started.", "object_id": "31", "change_message": "", "user": 1, "content_type": 8}}, {"pk": 16, "model": "admin.logentry", "fields": {"action_flag": 3, "action_time": "2014-04-25T14:27:46.936", "object_repr": "2014-04-03 14:18:30.430000: Container compute17 started.", "object_id": "30", "change_message": "", "user": 1, "content_type": 8}}, {"pk": 17, "model": "admin.logentry", "fields": {"action_flag": 3, "action_time": "2014-04-25T14:27:46.942", "object_repr": "2014-04-03 14:18:03.500000: Container compute16 started.", "object_id": "29", "change_message": "", "user": 1, "content_type": 8}}, {"pk": 18, "model": "admin.logentry", "fields": {"action_flag": 3, "action_time": "2014-04-25T14:27:46.949", "object_repr": "2014-04-03 14:17:03.930000: Container compute16 started.", "object_id": "28", "change_message": "", "user": 1, "content_type": 8}}, {"pk": 19, "model": "admin.logentry", "fields": {"action_flag": 3, "action_time": "2014-04-25T14:28:10.864", "object_repr": "2014-04-03 14:16:11.690000: Job 3 starts. K:65536", "object_id": "27", "change_message": "", "user": 1, "content_type": 8}}, {"pk": 20, "model": "admin.logentry", "fields": {"action_flag": 3, "action_time": "2014-04-25T14:28:10.872", "object_repr": "2014-04-03 14:16:11.550000: Prolog for job 3 triggered", "object_id": "26", "change_message": "", "user": 1, "content_type": 8}}, {"pk": 21, "model": "admin.logentry", "fields": {"action_flag": 3, "action_time": "2014-04-25T14:28:10.880", "object_repr": "2014-04-03 14:11:34.770000: Epilog for job 2 triggered", "object_id": "25", "change_message": "", "user": 1, "content_type": 8}}, {"pk": 22, "model": "admin.logentry", "fields": {"action_flag": 3, "action_time": "2014-04-25T14:28:10.886", "object_repr": "2014-04-03 14:11:34.650000: Job 2 ends K:65536", "object_id": "24", "change_message": "", "user": 1, "content_type": 8}}, {"pk": 23, "model": "admin.logentry", "fields": {"action_flag": 3, "action_time": "2014-04-25T14:28:10.892", "object_repr": "2014-04-03 14:07:13.580000: Job 2 starts. K:65536", "object_id": "23", "change_message": "", "user": 1, "content_type": 8}}, {"pk": 24, "model": "admin.logentry", "fields": {"action_flag": 3, "action_time": "2014-04-25T14:28:10.899", "object_repr": "2014-04-03 14:07:13.450000: Prolog for job 2 triggered", "object_id": "22", "change_message": "", "user": 1, "content_type": 8}}, {"pk": 25, "model": "admin.logentry", "fields": {"action_flag": 3, "action_time": "2014-04-25T14:28:10.906", "object_repr": "2014-04-03 13:49:14.060000: Container compute15 started.", "object_id": "21", "change_message": "", "user": 1, "content_type": 8}}, {"pk": 26, "model": "admin.logentry", "fields": {"action_flag": 3, "action_time": "2014-04-25T14:28:10.911", "object_repr": "2014-04-03 13:48:56.290000: Container compute14 started.", "object_id": "20", "change_message": "", "user": 1, "content_type": 8}}, {"pk": 27, "model": "admin.logentry", "fields": {"action_flag": 3, "action_time": "2014-04-25T14:28:10.916", "object_repr": "2014-04-03 13:48:38.220000: Container compute13 started.", "object_id": "19", "change_message": "", "user": 1, "content_type": 8}}, {"pk": 28, "model": "admin.logentry", "fields": {"action_flag": 3, "action_time": "2014-04-25T14:28:10.920", "object_repr": "2014-04-03 13:48:20.670000: Container compute12 started.", "object_id": "18", "change_message": "", "user": 1, "content_type": 8}}, {"pk": 29, "model": "admin.logentry", "fields": {"action_flag": 3, "action_time": "2014-04-25T14:28:10.925", "object_repr": "2014-04-03 13:48:02.680000: Container compute11 started.", "object_id": "17", "change_message": "", "user": 1, "content_type": 8}}, {"pk": 30, "model": "admin.logentry", "fields": {"action_flag": 3, "action_time": "2014-04-25T14:28:10.930", "object_repr": "2014-04-03 13:47:44.510000: Container compute10 started.", "object_id": "16", "change_message": "", "user": 1, "content_type": 8}}, {"pk": 31, "model": "admin.logentry", "fields": {"action_flag": 3, "action_time": "2014-04-25T14:28:10.934", "object_repr": "2014-04-03 13:47:26.900000: Container compute9 started.", "object_id": "15", "change_message": "", "user": 1, "content_type": 8}}, {"pk": 32, "model": "admin.logentry", "fields": {"action_flag": 3, "action_time": "2014-04-25T14:28:10.939", "object_repr": "2014-04-03 13:47:10.390000: Container compute8 started.", "object_id": "14", "change_message": "", "user": 1, "content_type": 8}}, {"pk": 33, "model": "admin.logentry", "fields": {"action_flag": 3, "action_time": "2014-04-25T14:28:10.944", "object_repr": "2014-04-03 13:46:53.970000: Container compute7 started.", "object_id": "13", "change_message": "", "user": 1, "content_type": 8}}, {"pk": 34, "model": "admin.logentry", "fields": {"action_flag": 3, "action_time": "2014-04-25T14:28:10.947", "object_repr": "2014-04-03 13:46:36.730000: Container compute6 started.", "object_id": "12", "change_message": "", "user": 1, "content_type": 8}}, {"pk": 35, "model": "admin.logentry", "fields": {"action_flag": 3, "action_time": "2014-04-25T14:28:10.953", "object_repr": "2014-04-03 13:46:19.730000: Container compute5 started.", "object_id": "11", "change_message": "", "user": 1, "content_type": 8}}, {"pk": 36, "model": "admin.logentry", "fields": {"action_flag": 3, "action_time": "2014-04-25T14:28:10.957", "object_repr": "2014-04-03 13:46:03.520000: Container compute4 started.", "object_id": "10", "change_message": "", "user": 1, "content_type": 8}}, {"pk": 37, "model": "admin.logentry", "fields": {"action_flag": 3, "action_time": "2014-04-25T14:28:10.961", "object_repr": "2014-04-03 13:34:50.940000: Epilog for job 3 triggered", "object_id": "9", "change_message": "", "user": 1, "content_type": 8}}, {"pk": 38, "model": "admin.logentry", "fields": {"action_flag": 3, "action_time": "2014-04-25T14:28:10.967", "object_repr": "2014-04-03 13:34:50.810000: Job 3 ends K:16384", "object_id": "8", "change_message": "", "user": 1, "content_type": 8}}, {"pk": 39, "model": "admin.logentry", "fields": {"action_flag": 3, "action_time": "2014-04-25T14:28:10.971", "object_repr": "2014-04-03 13:33:28.950000: Job 3 starts. K:16384", "object_id": "7", "change_message": "", "user": 1, "content_type": 8}}, {"pk": 40, "model": "admin.logentry", "fields": {"action_flag": 3, "action_time": "2014-04-25T14:28:10.976", "object_repr": "2014-04-03 13:33:28.810000: Prolog for job 3 triggered", "object_id": "6", "change_message": "", "user": 1, "content_type": 8}}, {"pk": 41, "model": "admin.logentry", "fields": {"action_flag": 3, "action_time": "2014-04-25T14:28:10.981", "object_repr": "2014-04-03 13:33:13.240000: Epilog for job 2 triggered", "object_id": "5", "change_message": "", "user": 1, "content_type": 8}}, {"pk": 42, "model": "admin.logentry", "fields": {"action_flag": 3, "action_time": "2014-04-25T14:28:10.987", "object_repr": "2014-04-03 13:33:10.160000: Prolog for job 2 triggered", "object_id": "4", "change_message": "", "user": 1, "content_type": 8}}, {"pk": 43, "model": "admin.logentry", "fields": {"action_flag": 3, "action_time": "2014-04-25T14:28:10.992", "object_repr": "2014-04-03 13:03:59.760000: Container compute3 started.", "object_id": "3", "change_message": "", "user": 1, "content_type": 8}}, {"pk": 44, "model": "admin.logentry", "fields": {"action_flag": 3, "action_time": "2014-04-25T14:28:10.998", "object_repr": "2014-04-03 13:03:14.780000: Container compute2 started.", "object_id": "2", "change_message": "", "user": 1, "content_type": 8}}, {"pk": 45, "model": "admin.logentry", "fields": {"action_flag": 3, "action_time": "2014-04-25T14:28:11.007", "object_repr": "2014-04-03 13:02:02.230000: Container compute1 started.", "object_id": "1", "change_message": "", "user": 1, "content_type": 8}}, {"pk": 46, "model": "admin.logentry", "fields": {"action_flag": 3, "action_time": "2014-04-25T15:00:11.550", "object_repr": "2014-04-25 15:00:04.150000: Test", "object_id": "1", "change_message": "", "user": 1, "content_type": 8}}, {"pk": 47, "model": "admin.logentry", "fields": {"action_flag": 3, "action_time": "2014-04-25T15:08:04.177", "object_repr": "2014-04-25 15:05:50.900000: Test", "object_id": "1", "change_message": "", "user": 1, "content_type": 8}}, {"pk": 1, "model": "account.profile", "fields": {"user": 2, "advancedUI": false, "history": ""}}, {"pk": 2, "model": "account.profile", "fields": {"user": 1, "advancedUI": false, "history": ""}}]